<?xml version='1.0' encoding='utf-8'?>
<!DOCTYPE hibernate-configuration PUBLIC
        "-//Hibernate/Hibernate Configuration DTD 3.0//EN"
        "http://hibernate.sourceforge.net/hibernate-configuration-3.0.dtd">

<hibernate-configuration>

	<session-factory>

		<property name="connection.driver_class">com.mysql.jdbc.Driver</property>
		<property name="connection.url">jdbc:mysql://localhost:3306/testwebstore</property>
		<property name="connection.username">root</property>
		<property name="connection.password">root</property>

		<!-- JDBC connection pool (use the built-in) -->
		<property name="connection.pool_size">10</property>

		<!-- SQL dialect -->
		<!--property name="dialect">org.hibernate.dialect.HSQLDialect</property -->
		<property name="dialect">org.hibernate.dialect.MySQL5Dialect</property>

		<!-- Enable Hibernate's automatic session context management -->
		<property name="current_session_context_class">thread</property>

		<!-- Disable the second-level cache -->
		<property name="cache.provider_class">org.hibernate.cache.NoCacheProvider</property>

		<!-- Echo all executed SQL to stdout -->
		<property name="show_sql">false</property>

		<!-- Drop and re-create the database schema on startup -->
		<property name="hbm2ddl.auto">update</property>

		<mapping resource="hibernate/CreditCard.hbm.xml" />
		<mapping resource="hibernate/Address.hbm.xml" />
		<mapping resource="hibernate/UserAccount.hbm.xml" />
		<mapping resource="hibernate/Item.hbm.xml" />
		<mapping resource="hibernate/Product.hbm.xml" />
		<mapping resource="hibernate/Category.hbm.xml" />
		<mapping resource="hibernate/Catalog.hbm.xml" />
		<mapping resource="hibernate/Order.hbm.xml" />
		<mapping resource="hibernate/Image.hbm.xml" />

	</session-factory>

</hibernate-configuration>