<?xml version="1.0"?>
<!DOCTYPE hibernate-mapping PUBLIC
        "-//Hibernate/Hibernate Mapping DTD 3.0//EN"
        "http://hibernate.sourceforge.net/hibernate-mapping-3.0.dtd">

<hibernate-mapping>
	<class name="com.hcl.cf.webstore.domain.entities.CreditCard"
		table="CREDITCARD">

		<id name="id" column="CARD_ID">
			<generator class="native">
			</generator>
		</id>

		<property name="creditCardNumber" type="long" column="CARD_NUMBER" not-null="true"/>
		<property name="cardType" type="string" column="CARD_TYPE" not-null="true"/>
		<property name="expiryDate" type="date" column="EXP_DATE" not-null="true"/>

	</class>
</hibernate-mapping>