<?xml version="1.0"?>
<!DOCTYPE hibernate-mapping PUBLIC
        "-//Hibernate/Hibernate Mapping DTD 3.0//EN"
        "http://hibernate.sourceforge.net/hibernate-mapping-3.0.dtd">

<hibernate-mapping>
	<class name="com.hcl.cf.webstore.domain.entities.UserAccount"
		table="USER_ACCOUNT">

		<id name="id" column="USER_ID">
			<generator class="native">
			</generator>
		</id>

		<property name="firstName" type="string" column="FNAME"  not-null="true"/>
		<property name="lastName" type="string" column="LASTNAME"  not-null="true"/>
		<property name="birthDate" type="date" column="DOB" not-null="true" not-null="true" />
		<property name="emailID" type="string" column="EMAIL_ID"
			not-null="true" />
		<property name="userName" type="string" column="USER_NAME"
			unique="true" not-null="true" />

		<property name="password" type="string" column="PASSWORD"
			not-null="true" />
		<many-to-one name="address"
			class="com.hcl.cf.webstore.domain.entities.Address" column="ADDRESS_ID"
			unique="true" not-null="true" cascade="all" />
	</class>
</hibernate-mapping>